[
  {
    "id": "a6426c76-3738-4088-87c4-e63ba11dbd91",
    "data": [
      {
        "text": "Play the morning briefing",
        "userDefined": false
      }
    ],
    "isTemplate": false,
    "count": 0
  },
  {
    "id": "e7a108e8-cdb6-44a1-b1d2-06a1496d4c08",
    "data": [
      {
        "text": "Get the daily briefing",
        "userDefined": false
      }
    ],
    "isTemplate": false,
    "count": 0
  },
  {
    "id": "ec507859-dbf6-486e-86a4-6c780f6eafa8",
    "data": [
      {
        "text": "Get the morning briefing",
        "userDefined": false
      }
    ],
    "isTemplate": false,
    "count": 0
  },
  {
    "id": "cbf3111e-7363-4daf-ab87-5ff109a73642",
    "data": [
      {
        "text": "Get the flash briefing from the Guardian",
        "userDefined": false
      }
    ],
    "isTemplate": false,
    "count": 0
  },
  {
    "id": "1f547123-69cb-4490-84bd-bfeed8554b65",
    "data": [
      {
        "text": "Play news from the Guardian",
        "userDefined": false
      }
    ],
    "isTemplate": false,
    "count": 0
  },
  {
    "id": "9c8d0131-029b-41ba-a34d-4bfb5cca8b2c",
    "data": [
      {
        "text": "Play the Guardian Briefing",
        "userDefined": false
      }
    ],
    "isTemplate": false,
    "count": 0
  },
  {
    "id": "2fa778ba-5f9f-400e-a0dc-339c87aa35fd",
    "data": [
      {
        "text": "Get me the Guardian Briefing",
        "userDefined": false
      }
    ],
    "isTemplate": false,
    "count": 0
  },
  {
    "id": "7e92517a-ec48-425a-a5eb-d7b5b5b4aa6c",
    "data": [
      {
        "text": "Latest headlines from the Guardian",
        "userDefined": false
      }
    ],
    "isTemplate": false,
    "count": 0
  },
  {
    "id": "c60cafb6-d5fd-45b7-b963-23d18e9e3c5b",
    "data": [
      {
        "text": "Hear the news from the Guardian",
        "userDefined": false
      }
    ],
    "isTemplate": false,
    "count": 0
  },
  {
    "id": "7e35e8b7-378e-49e6-8ba7-42df8412968a",
    "data": [
      {
        "text": "Get the news from the Guardian",
        "userDefined": false
      }
    ],
    "isTemplate": false,
    "count": 0
  }
]